id;nombre;telefono;email
1;backing up;12277;Selina.McCullough@gmail.com
2;Chief generating frictionless;25942;Genevieve.Hettinger@hotmail.com
3;generating;34519;Omari.Lubowitz@yahoo.com
4;context-sensitive Metrics transmit;14011;Santa_Mann@gmail.com
5;Squares Table Avon;51245;Naomie_Lindgren40@gmail.com
6;purple;64505;Helga52@hotmail.com
7;Chicken needs-based Sports;91429;Billie.Schultz@yahoo.com
8;Awesome Cotton Tuna;49746;Milton1@hotmail.com
9;Concrete;90001;Scot.Reynolds@gmail.com
10;payment Bedfordshire;57329;Rodrigo.Johnson@hotmail.com
